ID,Class
10000,T
10001,F
10002,T
10003,T
10004,D
10005,D
10006,R
10007,S
10008,j
10009,r
10010,n
10011,t
10012,e
10013,P
10014,A
10015,6
10016,x
10017,2
10018,T
10019,D
10020,K
10021,R
10022,9
10023,H
10024,Y
10025,D
10026,O
10027,9
10028,C
10029,9
10030,C
10031,o
10032,a
10033,o
10034,A
10035,N
10036,A
10037,c
10038,C
10039,H
10040,D
10041,D
10042,E
10043,A
10044,A
10045,0
10046,R
10047,K
10048,N
10049,o
10050,D
10051,c
10052,N
10053,E
10054,T
10055,E
10056,D
10057,I
10058,T
10059,e
10060,9
10061,A
10062,A
10063,9
10064,Y
10065,E
10066,1
10067,H
10068,d
10069,D
10070,N
10071,n
10072,O
10073,9
10074,S
10075,E
10076,i
10077,o
10078,p
10079,A
10080,9
10081,N
10082,Z
10083,b
10084,O
10085,C
10086,N
10087,A
10088,N
10089,s
10090,T
10091,S
10092,E
10093,O
10094,H
10095,D
10096,n
10097,D
10098,A
10099,A
10100,D
10101,E
10102,O
10103,9
10104,R
10105,D
10106,B
10107,D
10108,A
10109,Y
10110,N
10111,9
10112,W
10113,j
10114,E
10115,A
10116,K
10117,6
10118,b
10119,6
10120,T
10121,S
10122,c
10123,G
10124,C
10125,A
10126,O
10127,S
10128,9
10129,D
10130,A
10131,L
10132,8
10133,e
10134,9
10135,A
10136,F
10137,M
10138,O
10139,A
10140,A
10141,L
10142,D
10143,9
10144,n
10145,D
10146,A
10147,E
10148,L
10149,r
10150,5
10151,k
10152,A
10153,S
10154,9
10155,9
10156,A
10157,N
10158,l
10159,D
10160,A
10161,D
10162,H
10163,D
10164,D
10165,N
10166,E
10167,D
10168,H
10169,9
10170,S
10171,K
10172,9
10173,R
10174,9
10175,t
10176,D
10177,9
10178,P
10179,7
10180,r
10181,O
10182,9
10183,B
10184,s
10185,T
10186,e
10187,D
10188,9
10189,T
10190,0
10191,x
10192,A
10193,e
10194,T
10195,A
10196,W
10197,T
10198,5
10199,f
10200,9
10201,S
10202,R
10203,N
10204,9
10205,t
10206,A
10207,L
10208,9
10209,T
10210,D
10211,L
10212,9
10213,c
10214,M
10215,5
10216,H
10217,L
10218,D
10219,9
10220,R
10221,D
10222,O
10223,s
10224,A
10225,D
10226,P
10227,9
10228,x
10229,E
10230,C
10231,r
10232,A
10233,X
10234,h
10235,S
10236,X
10237,T
10238,D
10239,A
10240,I
10241,E
10242,U
10243,9
10244,n
10245,5
10246,P
10247,N
10248,e
10249,a
10250,D
10251,E
10252,C
10253,M
10254,D
10255,L
10256,R
10257,9
10258,p
10259,r
10260,A
10261,A
10262,B
10263,k
10264,E
10265,D
10266,D
10267,S
10268,D
10269,0
10270,M
10271,N
10272,A
10273,P
10274,N
10275,r
10276,9
10277,A
10278,A
10279,A
10280,m
10281,O
10282,D
10283,A
10284,A
10285,a
10286,D
10287,B
10288,A
10289,0
10290,9
10291,D
10292,8
10293,9
10294,B
10295,D
10296,N
10297,O
10298,H
10299,A
10300,N
10301,L
10302,3
10303,T
10304,D
10305,5
10306,E
10307,V
10308,D
10309,g
10310,9
10311,N
10312,X
10313,D
10314,G
10315,9
10316,t
10317,n
10318,E
10319,c
10320,r
10321,2
10322,r
10323,r
10324,G
10325,P
10326,D
10327,1
10328,N
10329,D
10330,D
10331,V
10332,K
10333,D
10334,9
10335,9
10336,S
10337,R
10338,D
10339,Z
10340,E
10341,T
10342,0
10343,2
10344,3
10345,e
10346,o
10347,R
10348,D
10349,A
10350,n
10351,D
10352,A
10353,O
10354,I
10355,b
10356,A
10357,9
10358,H
10359,c
10360,A
10361,P
10362,I
10363,t
10364,S
10365,D
10366,T
10367,S
10368,A
10369,T
10370,i
10371,9
10372,T
10373,o
10374,R
10375,A
10376,9
10377,d
10378,9
10379,m
10380,T
10381,e
10382,s
10383,T
10384,P
10385,I
10386,E
10387,s
10388,s
10389,S
10390,s
10391,9
10392,x
10393,S
10394,A
10395,N
10396,E
10397,l
10398,o
10399,D
10400,D
10401,9
10402,D
10403,4
10404,e
10405,D
10406,N
10407,Y
10408,Z
10409,H
10410,0
10411,A
10412,s
10413,i
10414,E
10415,i
10416,N
10417,T
10418,2
10419,D
10420,T
10421,T
10422,R
10423,D
10424,N
10425,A
10426,t
10427,E
10428,A
10429,9
10430,M
10431,D
10432,A
10433,M
10434,a
10435,V
10436,u
10437,9
10438,D
10439,I
10440,c
10441,9
10442,D
10443,D
10444,L
10445,A
10446,D
10447,D
10448,E
10449,D
10450,D
10451,e
10452,R
10453,A
10454,A
10455,C
10456,E
10457,9
10458,y
10459,D
10460,8
10461,A
10462,1
10463,2
10464,D
10465,y
10466,9
10467,O
10468,T
10469,A
10470,O
10471,a
10472,C
10473,9
10474,e
10475,A
10476,A
10477,Z
10478,9
10479,l
10480,A
10481,D
10482,d
10483,9
10484,o
10485,T
10486,G
10487,9
10488,e
10489,E
10490,N
10491,A
10492,9
10493,D
10494,D
10495,D
10496,z
10497,E
10498,D
10499,T
10500,y
10501,D
10502,C
10503,U
10504,9
10505,S
10506,D
10507,9
10508,D
10509,D
10510,9
10511,P
10512,9
10513,P
10514,D
10515,v
10516,D
10517,i
10518,Q
10519,A
10520,N
10521,9
10522,5
10523,d
10524,R
10525,D
10526,H
10527,D
10528,9
10529,9
10530,s
10531,D
10532,k
10533,E
10534,A
10535,O
10536,9
10537,A
10538,i
10539,A
10540,D
10541,9
10542,S
10543,I
10544,A
10545,w
10546,D
10547,5
10548,D
10549,A
10550,N
10551,L
10552,n
10553,b
10554,N
10555,A
10556,X
10557,A
10558,T
10559,L
10560,R
10561,l
10562,D
10563,v
10564,b
10565,E
10566,9
10567,v
10568,R
10569,M
10570,E
10571,n
10572,A
10573,c
10574,x
10575,Y
10576,t
10577,D
10578,E
10579,9
10580,A
10581,C
10582,S
10583,A
10584,9
10585,D
10586,A
10587,O
10588,T
10589,D
10590,S
10591,B
10592,T
10593,N
10594,D
10595,A
10596,9
10597,9
10598,9
10599,A
10600,D
10601,9
10602,A
10603,9
10604,9
10605,9
10606,T
10607,G
10608,A
10609,D
10610,9
10611,E
10612,o
10613,9
10614,T
10615,n
10616,9
10617,A
10618,0
10619,e
10620,A
10621,r
10622,L
10623,9
10624,S
10625,n
10626,S
10627,2
10628,9
10629,N
10630,k
10631,U
10632,A
10633,r
10634,G
10635,r
10636,9
10637,e
10638,J
10639,s
10640,h
10641,D
10642,H
10643,I
10644,S
10645,9
10646,e
10647,S
10648,T
10649,D
10650,L
10651,N
10652,h
10653,i
10654,0
10655,c
10656,A
10657,2
10658,H
10659,r
10660,R
10661,i
10662,9
10663,D
10664,S
10665,W
10666,D
10667,H
10668,D
10669,D
10670,1
10671,L
10672,A
10673,M
10674,K
10675,9
10676,9
10677,D
10678,A
10679,S
10680,K
10681,m
10682,R
10683,0
10684,D
10685,H
10686,8
10687,a
10688,A
10689,P
10690,0
10691,A
10692,x
10693,L
10694,A
10695,1
10696,M
10697,D
10698,9
10699,P
10700,9
10701,l
10702,A
10703,A
10704,N
10705,Y
10706,l
10707,9
10708,m
10709,G
10710,e
10711,A
10712,9
10713,t
10714,I
10715,R
10716,D
10717,A
10718,K
10719,T
10720,A
10721,O
10722,B
10723,T
10724,A
10725,T
10726,N
10727,I
10728,A
10729,L
10730,D
10731,S
10732,9
10733,D
10734,N
10735,9
10736,A
10737,o
10738,D
10739,o
10740,G
10741,r
10742,T
10743,s
10744,D
10745,T
10746,D
10747,T
10748,E
10749,c
10750,o
10751,A
10752,N
10753,n
10754,D
10755,R
10756,n
10757,A
10758,G
10759,y
10760,A
10761,S
10762,4
10763,P
10764,W
10765,C
10766,G
10767,N
10768,R
10769,9
10770,A
10771,A
10772,l
10773,S
10774,D
10775,s
10776,m
10777,l
10778,n
10779,N
10780,E
10781,N
10782,t
10783,R
10784,D
10785,A
10786,R
10787,D
10788,9
10789,A
10790,N
10791,P
10792,m
10793,p
10794,X
10795,I
10796,M
10797,8
10798,9
10799,1
10800,B
10801,9
10802,T
10803,2
10804,t
10805,k
10806,D
10807,R
10808,8
10809,9
10810,M
10811,h
10812,6
10813,E
10814,L
10815,9
10816,E
10817,G
10818,D
10819,l
10820,x
10821,A
10822,R
10823,D
10824,O
10825,A
10826,9
10827,r
10828,E
10829,k
10830,T
10831,o
10832,9
10833,9
10834,N
10835,G
10836,r
10837,Q
10838,9
10839,9
10840,9
10841,H
10842,V
10843,T
10844,a
10845,A
10846,9
10847,M
10848,I
10849,5
10850,C
10851,9
10852,e
10853,A
10854,n
10855,S
10856,m
10857,D
10858,O
10859,N
10860,E
10861,A
10862,H
10863,Y
10864,D
10865,9
10866,E
10867,A
10868,7
10869,A
10870,J
10871,I
10872,D
10873,G
10874,a
10875,E
10876,S
10877,D
10878,b
10879,n
10880,A
10881,N
10882,A
10883,K
10884,E
10885,5
10886,r
10887,R
10888,E
10889,R
10890,R
10891,T
10892,l
10893,S
10894,N
10895,9
10896,E
10897,C
10898,D
10899,C
10900,1
10901,W
10902,O
10903,i
10904,D
10905,D
10906,3
10907,D
10908,E
10909,r
10910,9
10911,A
10912,I
10913,9
10914,u
10915,T
10916,9
10917,A
10918,r
10919,r
10920,9
10921,K
10922,E
10923,A
10924,l
10925,F
10926,N
10927,4
10928,D
10929,I
10930,A
10931,o
10932,D
10933,B
10934,L
10935,H
10936,A
10937,H
10938,9
10939,9
10940,c
10941,G
10942,m
10943,N
10944,E
10945,o
10946,r
10947,9
10948,Y
10949,E
10950,c
10951,Z
10952,A
10953,T
10954,D
10955,9
10956,6
10957,A
10958,6
10959,d
10960,o
10961,A
10962,A
10963,9
10964,R
10965,T
10966,S
10967,o
10968,A
10969,N
10970,9
10971,G
10972,e
10973,G
10974,F
10975,N
10976,n
10977,A
10978,D
10979,R
10980,A
10981,D
10982,S
10983,o
10984,l
10985,e
10986,a
10987,H
10988,A
10989,9
10990,e
10991,T
10992,A
10993,9
10994,G
10995,D
10996,a
10997,R
10998,D
10999,5
11000,A
11001,A
11002,A
11003,9
11004,D
11005,9
11006,A
11007,D
11008,I
11009,D
11010,N
11011,r
11012,R
11013,A
11014,5
11015,N
11016,S
11017,N
11018,D
11019,9
11020,s
11021,E
11022,r
11023,I
11024,a
11025,9
11026,S
11027,M
11028,9
11029,D
11030,L
11031,S
11032,T
11033,s
11034,D
11035,D
11036,A
11037,c
11038,i
11039,i
11040,q
11041,a
11042,A
11043,9
11044,y
11045,m
11046,9
11047,E
11048,A
11049,N
11050,9
11051,c
11052,9
11053,A
11054,P
11055,9
11056,G
11057,v
11058,s
11059,A
11060,A
11061,r
11062,D
11063,H
11064,9
11065,A
11066,o
11067,o
11068,D
11069,F
11070,A
11071,c
11072,K
11073,o
11074,E
11075,N
11076,A
11077,G
11078,4
11079,D
11080,D
11081,L
11082,L
11083,m
11084,A
11085,n
11086,9
11087,K
11088,2
11089,a
11090,K
11091,T
11092,E
11093,N
11094,A
11095,9
11096,D
11097,D
11098,I
11099,A
11100,y
11101,n
11102,A
11103,A
11104,c
11105,N
11106,e
11107,L
11108,T
11109,e
11110,F
11111,D
11112,E
11113,D
11114,9
11115,W
11116,D
11117,G
11118,s
11119,D
11120,9
11121,R
11122,i
11123,A
11124,E
11125,i
11126,R
11127,F
11128,O
11129,O
11130,9
11131,e
11132,V
11133,T
11134,9
11135,D
11136,P
11137,D
11138,I
11139,A
11140,B
11141,D
11142,l
11143,A
11144,A
11145,H
11146,A
11147,F
11148,8
11149,9
11150,A
11151,N
11152,D
11153,E
11154,V
11155,A
11156,M
11157,E
11158,A
11159,H
11160,G
11161,R
11162,F
11163,S
11164,D
11165,F
11166,A
11167,E
11168,D
11169,A
11170,9
11171,A
11172,9
11173,S
11174,D
11175,e
11176,n
11177,D
11178,A
11179,A
11180,Y
11181,v
11182,R
11183,9
11184,D
11185,r
11186,O
11187,D
11188,A
11189,9
11190,L
11191,9
11192,9
11193,D
11194,D
11195,D
11196,B
11197,A
11198,e
11199,9
11200,D
11201,o
11202,S
11203,r
11204,N
11205,D
11206,G
11207,D
11208,N
11209,A
11210,o
11211,N
11212,A
11213,S
11214,D
11215,a
11216,E
11217,9
11218,E
11219,R
11220,9
11221,9
11222,A
11223,E
11224,g
11225,O
11226,S
11227,9
11228,o
11229,D
11230,9
11231,Z
11232,D
11233,X
11234,9
11235,E
11236,K
11237,D
11238,0
11239,o
11240,I
11241,Z
11242,0
11243,a
11244,1
11245,a
11246,D
11247,M
11248,D
11249,n
11250,R
11251,o
11252,S
11253,k
11254,j
11255,O
11256,P
11257,A
11258,T
11259,E
11260,o
11261,N
11262,A
11263,p
11264,A
11265,B
11266,E
11267,Z
11268,o
11269,a
11270,A
11271,C
11272,C
11273,L
11274,E
11275,Y
11276,G
11277,D
11278,R
11279,h
11280,e
11281,E
11282,R
11283,D
11284,S
11285,E
11286,T
11287,9
11288,M
11289,r
11290,1
11291,R
11292,S
11293,D
11294,9
11295,A
11296,J
11297,C
11298,9
11299,A
11300,9
11301,D
11302,N
11303,k
11304,T
11305,9
11306,D
11307,n
11308,r
11309,E
11310,9
11311,9
11312,B
11313,t
11314,6
11315,D
11316,t
11317,C
11318,d
11319,M
11320,E
11321,h
11322,R
11323,9
11324,E
11325,M
11326,S
11327,9
11328,H
11329,D
11330,T
11331,5
11332,A
11333,T
11334,T
11335,p
11336,M
11337,A
11338,i
11339,q
11340,D
11341,v
11342,9
11343,i
11344,9
11345,A
11346,r
11347,o
11348,B
11349,D
11350,s
11351,D
11352,9
11353,E
11354,A
11355,V
11356,C
11357,9
11358,C
11359,O
11360,N
11361,T
11362,9
11363,A
11364,z
11365,J
11366,D
11367,A
11368,S
11369,R
11370,A
11371,d
11372,L
11373,I
11374,h
11375,D
11376,m
11377,D
11378,b
11379,D
11380,c
11381,W
11382,S
11383,e
11384,R
11385,6
11386,l
11387,e
11388,I
11389,9
11390,M
11391,D
11392,D
11393,P
11394,A
11395,L
11396,D
11397,D
11398,R
11399,D
11400,N
11401,Z
11402,l
11403,A
11404,f
11405,D
11406,D
11407,I
11408,N
11409,H
11410,a
11411,E
11412,D
11413,U
11414,u
11415,F
11416,s
11417,n
11418,e
11419,J
11420,D
11421,9
11422,S
11423,A
11424,e
11425,1
11426,E
11427,y
11428,N
11429,9
11430,m
11431,k
11432,L
11433,h
11434,A
11435,S
11436,E
11437,4
11438,A
11439,p
11440,o
11441,R
11442,A
11443,A
11444,T
11445,p
11446,W
11447,E
11448,N
11449,n
11450,E
11451,D
11452,9
11453,E
11454,s
11455,P
11456,Y
11457,D
11458,E
11459,e
11460,R
11461,S
11462,t
11463,R
11464,I
11465,L
11466,9
11467,9
11468,A
11469,D
11470,7
11471,s
11472,9
11473,V
11474,P
11475,l
11476,S
11477,M
11478,B
11479,D
11480,G
11481,o
11482,l
11483,A
11484,s
11485,9
11486,D
11487,N
11488,R
11489,N
11490,q
11491,E
11492,8
11493,O
11494,E
11495,A
11496,a
11497,9
11498,9
11499,2
11500,D
11501,x
11502,E
11503,s
11504,A
11505,e
11506,s
11507,9
11508,i
11509,Q
11510,S
11511,f
11512,i
11513,o
11514,9
11515,D
11516,d
11517,C
11518,H
11519,c
11520,D
11521,A
11522,M
11523,L
11524,0
11525,O
11526,A
11527,0
11528,D
11529,9
11530,6
11531,A
11532,I
11533,e
11534,A
11535,c
11536,T
11537,9
11538,n
11539,9
11540,D
11541,N
11542,K
11543,R
11544,p
11545,D
11546,2
11547,9
11548,A
11549,o
11550,A
11551,G
11552,D
11553,9
11554,D
11555,D
11556,A
11557,c
11558,R
11559,D
11560,W
11561,S
11562,D
11563,i
11564,l
11565,E
11566,n
11567,A
11568,S
11569,9
11570,N
11571,m
11572,D
11573,9
11574,T
11575,A
11576,9
11577,N
11578,4
11579,S
11580,A
11581,L
11582,n
11583,n
11584,L
11585,t
11586,9
11587,R
11588,D
11589,L
11590,2
11591,E
11592,D
11593,T
11594,D
11595,I
11596,A
11597,M
11598,1
11599,N
11600,D
11601,R
11602,A
11603,d
11604,A
11605,A
11606,i
11607,o
11608,D
11609,s
11610,r
11611,K
11612,E
11613,9
11614,9
11615,r
11616,n
11617,D
11618,A
11619,9
11620,A
11621,9
11622,r
11623,E
11624,R
11625,T
11626,l
11627,d
11628,G
11629,K
11630,T
11631,T
11632,D
11633,S
11634,A
11635,9
11636,D
11637,L
11638,D
11639,9
11640,C
11641,D
11642,r
11643,9
11644,E
11645,T
11646,H
11647,r
11648,x
11649,A
11650,A
11651,t
11652,N
11653,R
11654,o
11655,D
11656,5
11657,G
11658,9
11659,R
11660,o
11661,D
11662,L
11663,E
11664,A
11665,D
11666,S
11667,E
11668,W
11669,9
11670,I
11671,G
11672,V
11673,9
11674,N
11675,N
11676,r
11677,9
11678,A
11679,u
11680,9
11681,S
11682,w
11683,S
11684,e
11685,T
11686,j
11687,W
11688,A
11689,0
11690,C
11691,A
11692,N
11693,A
11694,n
11695,G
11696,6
11697,9
11698,E
11699,9
11700,l
11701,9
11702,Z
11703,1
11704,F
11705,A
11706,B
11707,L
11708,o
11709,A
11710,e
11711,C
11712,z
11713,V
11714,g
11715,D
11716,M
11717,1
11718,9
11719,T
11720,D
11721,R
11722,n
11723,A
11724,s
11725,D
11726,A
11727,E
11728,M
11729,D
11730,9
11731,F
11732,3
11733,S
11734,z
11735,a
11736,9
11737,D
11738,1
11739,D
11740,D
11741,E
11742,e
11743,R
11744,D
11745,x
11746,Y
11747,e
11748,D
11749,A
11750,H
11751,D
11752,R
11753,A
11754,E
11755,S
11756,A
11757,9
11758,o
11759,I
11760,3
11761,N
11762,N
11763,9
11764,J
11765,e
11766,9
11767,j
11768,I
11769,0
11770,H
11771,N
11772,D
11773,N
11774,O
11775,9
11776,p
11777,N
11778,G
11779,9
11780,R
11781,S
11782,5
11783,K
11784,N
11785,I
11786,D
11787,R
11788,G
11789,4
11790,a
11791,g
11792,L
11793,9
11794,D
11795,A
11796,9
11797,9
11798,L
11799,r
11800,E
11801,N
11802,A
11803,Y
11804,m
11805,I
11806,9
11807,T
11808,8
11809,K
11810,D
11811,T
11812,k
11813,6
11814,E
11815,M
11816,s
11817,9
11818,y
11819,9
11820,D
11821,N
11822,Y
11823,n
11824,D
11825,Z
11826,I
11827,E
11828,2
11829,G
11830,9
11831,t
11832,I
11833,8
11834,c
11835,a
11836,9
11837,W
11838,D
11839,E
11840,E
11841,a
11842,D
11843,N
11844,E
11845,Z
11846,D
11847,R
11848,x
11849,y
11850,K
11851,D
11852,A
11853,A
11854,D
11855,9
11856,9
11857,1
11858,4
11859,D
11860,B
11861,D
11862,D
11863,E
11864,F
11865,i
11866,H
11867,A
11868,t
11869,7
11870,9
11871,n
11872,a
11873,A
11874,t
11875,o
11876,5
11877,U
11878,3
11879,D
11880,N
11881,e
11882,G
11883,N
11884,b
11885,r
11886,S
11887,R
11888,T
11889,m
11890,A
11891,D
11892,T
11893,A
11894,e
11895,9
11896,S
11897,E
11898,g
11899,H
11900,D
11901,s
11902,H
11903,Z
11904,1
11905,O
11906,H
11907,a
11908,s
11909,F
11910,L
11911,9
11912,R
11913,E
11914,9
11915,c
11916,S
11917,9
11918,9
11919,M
11920,9
11921,P
11922,D
11923,9
11924,e
11925,M
11926,R
11927,D
11928,L
11929,9
11930,A
11931,Q
11932,L
11933,D
11934,1
11935,2
11936,o
11937,A
11938,S
11939,w
11940,C
11941,g
11942,N
11943,1
11944,a
11945,9
11946,A
11947,D
11948,n
11949,0
11950,D
11951,D
11952,A
11953,T
11954,c
11955,D
11956,b
11957,G
11958,9
11959,A
11960,9
11961,u
11962,E
11963,E
11964,9
11965,B
11966,c
11967,t
11968,A
11969,I
11970,T
11971,E
11972,A
11973,9
11974,D
11975,c
11976,9
11977,9
11978,D
11979,A
11980,c
11981,9
11982,A
11983,D
11984,9
11985,D
11986,l
11987,n
11988,D
11989,E
11990,o
11991,A
11992,8
11993,K
11994,n
11995,c
11996,9
11997,K
11998,A
11999,D
12000,T
12001,9
12002,S
12003,W
12004,H
12005,P
12006,A
12007,M
12008,A
12009,E
12010,3
12011,D
12012,r
12013,E
12014,7
12015,P
12016,A
12017,A
12018,x
12019,D
12020,T
12021,i
12022,D
12023,B
12024,s
12025,U
12026,S
12027,R
12028,C
12029,l
12030,e
12031,A
12032,D
12033,D
12034,o
12035,R
12036,G
12037,r
12038,A
12039,E
12040,D
12041,D
12042,E
12043,D
12044,A
12045,M
12046,s
12047,Z
12048,R
12049,A
12050,9
12051,G
12052,A
12053,E
12054,B
12055,R
12056,A
12057,H
12058,D
12059,E
12060,B
12061,9
12062,I
12063,x
12064,M
12065,a
12066,e
12067,5
12068,H
12069,9
12070,A
12071,H
12072,C
12073,A
12074,A
12075,D
12076,t
12077,R
12078,Z
12079,h
12080,R
12081,9
12082,D
12083,1
12084,s
12085,6
12086,a
12087,H
12088,m
12089,S
12090,A
12091,A
12092,M
12093,9
12094,Y
12095,9
12096,L
12097,V
12098,r
12099,R
12100,p
12101,r
12102,e
12103,9
12104,L
12105,I
12106,9
12107,T
12108,9
12109,D
12110,n
12111,A
12112,A
12113,x
12114,N
12115,O
12116,K
12117,c
12118,9
12119,N
12120,9
12121,9
12122,D
12123,A
12124,4
12125,T
12126,I
12127,d
12128,9
12129,D
12130,K
12131,0
12132,9
12133,E
12134,E
12135,O
12136,1
12137,U
12138,o
12139,A
12140,0
12141,G
12142,D
12143,S
12144,A
12145,A
12146,A
12147,y
12148,Z
12149,E
12150,m
12151,D
12152,E
12153,A
12154,C
12155,r
12156,D
12157,A
12158,9
12159,D
12160,r
12161,L
12162,E
12163,1
12164,D
12165,D
12166,D
12167,D
12168,P
12169,D
12170,5
12171,D
12172,A
12173,D
12174,m
12175,I
12176,S
12177,A
12178,E
12179,0
12180,q
12181,C
12182,G
12183,D
12184,D
12185,z
12186,A
12187,D
12188,D
12189,E
12190,N
12191,a
12192,D
12193,S
12194,E
12195,N
12196,D
12197,o
12198,9
12199,t
12200,D
12201,E
12202,9
12203,S
12204,T
12205,S
12206,A
12207,A
12208,Y
12209,s
12210,i
12211,9
12212,G
12213,W
12214,T
12215,E
12216,E
12217,T
12218,2
12219,A
12220,m
12221,I
12222,D
12223,N
12224,A
12225,9
12226,9
12227,o
12228,Y
12229,S
12230,D
12231,Z
12232,9
12233,r
12234,I
12235,E
12236,G
12237,9
12238,A
12239,n
12240,p
12241,R
12242,o
12243,D
12244,B
12245,E
12246,R
12247,M
12248,V
12249,Z
12250,9
12251,R
12252,A
12253,n
12254,u
12255,f
12256,h
12257,9
12258,I
12259,e
12260,2
12261,o
12262,W
12263,D
12264,D
12265,9
12266,e
12267,9
12268,A
12269,c
12270,c
12271,o
12272,2
12273,m
12274,J
12275,D
12276,9
12277,A
12278,I
12279,q
12280,R
12281,E
12282,o
12283,r
12284,C
12285,T
12286,9
12287,E
12288,4
12289,2
12290,9
12291,S
12292,P
12293,A
12294,N
12295,D
12296,m
12297,R
12298,C
12299,P
12300,1
12301,N
12302,8
12303,o
12304,S
12305,W
12306,A
12307,D
12308,5
12309,r
12310,9
12311,A
12312,M
12313,D
12314,M
12315,3
12316,A
12317,D
12318,O
12319,D
12320,R
12321,C
12322,i
12323,L
12324,R
12325,A
12326,N
12327,r
12328,D
12329,j
12330,E
12331,D
12332,F
12333,D
12334,y
12335,D
12336,N
12337,x
12338,9
12339,7
12340,M
12341,R
12342,F
12343,x
12344,E
12345,T
12346,I
12347,D
12348,D
12349,A
12350,a
12351,S
12352,R
12353,A
12354,8
12355,D
12356,E
12357,D
12358,A
12359,9
12360,A
12361,L
12362,t
12363,9
12364,Z
12365,9
12366,K
12367,9
12368,E
12369,A
12370,G
12371,O
12372,E
12373,G
12374,N
12375,N
12376,c
12377,M
12378,D
12379,9
12380,9
12381,9
12382,D
12383,A
12384,D
12385,A
12386,C
12387,D
12388,x
12389,D
12390,D
12391,i
12392,4
12393,P
12394,A
12395,s
12396,C
12397,9
12398,E
12399,a
12400,A
12401,E
12402,L
12403,D
12404,D
12405,A
12406,9
12407,E
12408,T
12409,L
12410,N
12411,D
12412,A
12413,D
12414,t
12415,m
12416,9
12417,I
12418,0
12419,7
12420,H
12421,A
12422,I
12423,K
12424,R
12425,d
12426,A
12427,R
12428,E
12429,D
12430,E
12431,A
12432,f
12433,A
12434,i
12435,E
12436,A
12437,A
12438,P
12439,a
12440,R
12441,D
12442,A
12443,D
12444,D
12445,i
12446,b
12447,s
12448,n
12449,9
12450,A
12451,A
12452,A
12453,E
12454,A
12455,c
12456,x
12457,9
12458,x
12459,1
12460,A
12461,9
12462,i
12463,D
12464,y
12465,E
12466,D
12467,d
12468,e
12469,N
12470,C
12471,D
12472,q
12473,D
12474,E
12475,A
12476,A
12477,Z
12478,n
12479,W
12480,o
12481,A
12482,A
12483,A
12484,D
12485,D
12486,y
12487,A
12488,D
12489,A
12490,E
12491,S
12492,D
12493,4
12494,A
12495,C
12496,E
12497,D
12498,K
12499,D
12500,e
12501,s
12502,N
12503,M
6284,E
6285,A
6286,9
6287,D
6288,D
6289,9
6290,D
6291,J
6292,B
6293,H
6294,9
6295,W
6296,k
6297,H
6298,e
6299,A
6300,A
6301,K
6302,x
6303,s
6304,M
6305,1
6306,A
6307,5
6308,Q
6309,S
6310,B
6311,u
6312,n
6313,n
6314,A
6315,w
6316,d
6317,v
6318,D
6319,d
6320,L
6321,n
6322,O
6323,i
6324,W
6325,I
6326,A
6327,A
6328,g
6329,I
6330,D
6331,A
6332,i
6333,v
6334,9
6335,E
6336,i
6337,9
6338,N
6339,D
6340,z
6341,S
6342,4
6343,8
6344,o
6345,P
6346,E
6347,D
6348,i
6349,r
6350,c
6351,1
6352,m
6353,9
6354,O
6355,9
6356,o
6357,D
6358,p
6359,9
6360,D
6361,k
6362,A
6363,s
6364,A
6365,M
6366,9
6367,D
6368,8
6369,9
6370,Y
6371,A
6372,N
6373,R
6374,a
6375,9
6376,L
6377,A
6378,9
6379,s
6380,T
6381,M
6382,D
6383,E
6384,9
6385,R
6386,S
6387,D
6388,n
6389,D
6390,A
6391,4
6392,T
6393,2
6394,A
6395,E
6396,9
6397,m
6398,9
6399,A
6400,l
6401,S
6402,A
6403,E
6404,N
6405,M
6406,D
6407,m
6408,1
6409,s
6410,N
6411,c
6412,3
6413,D
6414,9
6415,E
6416,N
6417,o
6418,P
6419,N
6420,J
6421,N
6422,O
6423,N
6424,s
6425,D
6426,9
6427,9
6428,N
6429,D
6430,p
6431,9
6432,A
6433,s
6434,s
6435,D
6436,l
6437,T
6438,9
6439,D
6440,K
6441,D
6442,D
6443,D
6444,s
6445,D
6446,E
6447,D
6448,N
6449,A
6450,D
6451,L
6452,d
6453,a
6454,R
6455,z
6456,R
6457,B
6458,A
6459,T
6460,Z
6461,N
6462,A
6463,9
6464,D
6465,c
6466,H
6467,c
6468,A
6469,A
6470,u
6471,H
6472,A
6473,A
6474,E
6475,N
6476,A
6477,A
6478,9
6479,A
6480,y
6481,q
6482,9
6483,T
6484,D
6485,H
6486,D
6487,S
6488,Q
6489,P
6490,c
6491,D
6492,P
6493,D
6494,V
6495,K
6496,m
6497,l
6498,D
6499,D
6500,m
6501,i
6502,D
6503,D
6504,A
6505,E
6506,9
6507,9
6508,e
6509,E
6510,H
6511,U
6512,D
6513,J
6514,A
6515,S
6516,N
6517,s
6518,M
6519,W
6520,o
6521,A
6522,R
6523,d
6524,s
6525,L
6526,E
6527,E
6528,c
6529,t
6530,D
6531,A
6532,N
6533,s
6534,a
6535,n
6536,9
6537,R
6538,t
6539,A
6540,A
6541,O
6542,9
6543,E
6544,O
6545,h
6546,R
6547,D
6548,M
6549,D
6550,A
6551,9
6552,N
6553,M
6554,D
6555,I
6556,D
6557,b
6558,t
6559,I
6560,p
6561,9
6562,D
6563,9
6564,G
6565,E
6566,W
6567,x
6568,i
6569,S
6570,9
6571,9
6572,A
6573,N
6574,S
6575,D
6576,H
6577,d
6578,D
6579,s
6580,A
6581,Y
6582,9
6583,A
6584,o
6585,T
6586,i
6587,9
6588,c
6589,Y
6590,A
6591,E
6592,A
6593,L
6594,9
6595,P
6596,A
6597,o
6598,D
6599,A
6600,I
6601,D
6602,9
6603,E
6604,U
6605,S
6606,L
6607,o
6608,A
6609,T
6610,H
6611,o
6612,A
6613,A
6614,o
6615,c
6616,o
6617,P
6618,M
6619,A
6620,R
6621,9
6622,c
6623,D
6624,D
6625,p
6626,G
6627,9
6628,O
6629,9
6630,K
6631,D
6632,T
6633,9
6634,F
6635,9
6636,u
6637,l
6638,T
6639,D
6640,C
6641,T
6642,P
6643,D
6644,9
6645,D
6646,i
6647,9
6648,G
6649,4
6650,P
6651,e
6652,G
6653,O
6654,N
6655,P
6656,m
6657,P
6658,K
6659,9
6660,D
6661,E
6662,D
6663,H
6664,2
6665,6
6666,R
6667,9
6668,A
6669,I
6670,c
6671,t
6672,g
6673,9
6674,R
6675,P
6676,D
6677,9
6678,P
6679,t
6680,L
6681,l
6682,E
6683,0
6684,A
6685,n
6686,N
6687,l
6688,R
6689,L
6690,A
6691,9
6692,l
6693,A
6694,M
6695,k
6696,I
6697,E
6698,9
6699,A
6700,c
6701,0
6702,K
6703,S
6704,D
6705,e
6706,M
6707,L
6708,9
6709,S
6710,I
6711,O
6712,n
6713,Z
6714,7
6715,9
6716,A
6717,S
6718,4
6719,D
6720,9
6721,S
6722,9
6723,M
6724,n
6725,9
6726,D
6727,N
6728,E
6729,z
6730,s
6731,D
6732,T
6733,D
6734,D
6735,l
6736,C
6737,D
6738,n
6739,D
6740,E
6741,G
6742,T
6743,E
6744,A
6745,C
6746,R
6747,N
6748,a
6749,K
6750,D
6751,t
6752,D
6753,n
6754,9
6755,u
6756,a
6757,9
6758,R
6759,A
6760,T
6761,E
6762,D
6763,U
6764,0
6765,S
6766,A
6767,U
6768,U
6769,o
6770,x
6771,o
6772,9
6773,R
6774,V
6775,T
6776,A
6777,9
6778,o
6779,9
6780,C
6781,a
6782,0
6783,G
6784,D
6785,C
6786,D
6787,T
6788,G
6789,D
6790,9
6791,m
6792,N
6793,D
6794,9
6795,T
6796,D
6797,A
6798,D
6799,0
6800,k
6801,x
6802,A
6803,A
6804,A
6805,A
6806,T
6807,C
6808,9
6809,Q
6810,D
6811,A
6812,9
6813,b
6814,q
6815,n
6816,A
6817,B
6818,t
6819,D
6820,A
6821,t
6822,S
6823,q
6824,A
6825,n
6826,S
6827,N
6828,N
6829,D
6830,R
6831,9
6832,9
6833,E
6834,s
6835,t
6836,2
6837,X
6838,D
6839,K
6840,I
6841,1
6842,a
6843,E
6844,9
6845,d
6846,e
6847,O
6848,a
6849,i
6850,h
6851,D
6852,9
6853,E
6854,E
6855,O
6856,B
6857,D
6858,N
6859,K
6860,D
6861,N
6862,G
6863,T
6864,D
6865,I
6866,E
6867,A
6868,9
6869,E
6870,f
6871,L
6872,T
6873,9
6874,3
6875,s
6876,1
6877,A
6878,9
6879,A
6880,D
6881,T
6882,o
6883,Y
6884,L
6885,9
6886,D
6887,A
6888,A
6889,E
6890,4
6891,S
6892,i
6893,t
6894,t
6895,u
6896,I
6897,x
6898,r
6899,A
6900,D
6901,V
6902,G
6903,q
6904,S
6905,L
6906,i
6907,R
6908,B
6909,4
6910,L
6911,I
6912,R
6913,X
6914,I
6915,D
6916,T
6917,e
6918,A
6919,T
6920,n
6921,Y
6922,r
6923,D
6924,A
6925,9
6926,P
6927,N
6928,E
6929,S
6930,R
6931,A
6932,A
6933,A
6934,c
6935,L
6936,n
6937,9
6938,I
6939,A
6940,D
6941,a
6942,9
6943,D
6944,0
6945,D
6946,N
6947,U
6948,T
6949,9
6950,L
6951,9
6952,o
6953,D
6954,n
6955,I
6956,o
6957,K
6958,E
6959,D
6960,H
6961,E
6962,9
6963,E
6964,D
6965,A
6966,k
6967,N
6968,y
6969,9
6970,I
6971,i
6972,9
6973,L
6974,T
6975,D
6976,e
6977,9
6978,Q
6979,A
6980,9
6981,e
6982,M
6983,A
6984,a
6985,D
6986,A
6987,F
6988,A
6989,P
6990,R
6991,I
6992,D
6993,D
6994,S
6995,N
6996,i
6997,a
6998,D
6999,L
7000,A
7001,A
7002,A
7003,w
7004,E
7005,A
7006,P
7007,S
7008,E
7009,I
7010,A
7011,9
7012,0
7013,D
7014,o
7015,J
7016,R
7017,D
7018,L
7019,i
7020,A
7021,M
7022,w
7023,c
7024,r
7025,W
7026,q
7027,a
7028,O
7029,Y
7030,c
7031,D
7032,9
7033,e
7034,o
7035,A
7036,A
7037,D
7038,D
7039,T
7040,4
7041,C
7042,D
7043,9
7044,E
7045,E
7046,c
7047,O
7048,n
7049,A
7050,I
7051,O
7052,i
7053,e
7054,F
7055,E
7056,C
7057,U
7058,R
7059,9
7060,D
7061,N
7062,T
7063,D
7064,N
7065,o
7066,9
7067,2
7068,I
7069,D
7070,F
7071,9
7072,7
7073,s
7074,9
7075,N
7076,A
7077,D
7078,P
7079,A
7080,I
7081,A
7082,4
7083,J
7084,A
7085,D
7086,U
7087,h
7088,f
7089,D
7090,E
7091,R
7092,P
7093,R
7094,f
7095,A
7096,A
7097,D
7098,E
7099,9
7100,D
7101,H
7102,D
7103,L
7104,S
7105,G
7106,r
7107,L
7108,D
7109,a
7110,9
7111,A
7112,9
7113,2
7114,e
7115,E
7116,V
7117,L
7118,A
7119,S
7120,z
7121,R
7122,n
7123,S
7124,B
7125,S
7126,H
7127,e
7128,A
7129,e
7130,A
7131,9
7132,9
7133,W
7134,N
7135,t
7136,D
7137,b
7138,L
7139,E
7140,i
7141,T
7142,W
7143,D
7144,A
7145,t
7146,D
7147,t
7148,W
7149,D
7150,x
7151,A
7152,E
7153,A
7154,y
7155,A
7156,D
7157,a
7158,9
7159,9
7160,E
7161,P
7162,a
7163,z
7164,t
7165,A
7166,L
7167,X
7168,E
7169,9
7170,R
7171,o
7172,9
7173,C
7174,Z
7175,b
7176,S
7177,A
7178,A
7179,V
7180,h
7181,A
7182,N
7183,9
7184,D
7185,A
7186,A
7187,H
7188,T
7189,9
7190,H
7191,D
7192,A
7193,i
7194,9
7195,S
7196,8
7197,H
7198,K
7199,o
7200,N
7201,z
7202,D
7203,D
7204,S
7205,o
7206,o
7207,9
7208,N
7209,9
7210,T
7211,9
7212,C
7213,9
7214,A
7215,D
7216,k
7217,t
7218,T
7219,9
7220,A
7221,A
7222,A
7223,9
7224,W
7225,D
7226,S
7227,e
7228,A
7229,D
7230,3
7231,A
7232,4
7233,p
7234,D
7235,D
7236,O
7237,S
7238,8
7239,K
7240,9
7241,L
7242,f
7243,A
7244,9
7245,N
7246,B
7247,o
7248,a
7249,D
7250,D
7251,D
7252,E
7253,E
7254,a
7255,A
7256,S
7257,D
7258,A
7259,2
7260,s
7261,x
7262,D
7263,N
7264,A
7265,A
7266,C
7267,S
7268,9
7269,a
7270,E
7271,D
7272,G
7273,9
7274,9
7275,D
7276,t
7277,Y
7278,N
7279,L
7280,A
7281,n
7282,x
7283,D
7284,l
7285,D
7286,N
7287,P
7288,9
7289,w
7290,D
7291,D
7292,S
7293,E
7294,D
7295,M
7296,g
7297,g
7298,k
7299,A
7300,O
7301,D
7302,9
7303,D
7304,A
7305,E
7306,9
7307,D
7308,0
7309,K
7310,7
7311,E
7312,9
7313,A
7314,A
7315,A
7316,9
7317,S
7318,A
7319,E
7320,C
7321,A
7322,T
7323,G
7324,G
7325,D
7326,D
7327,9
7328,E
7329,Y
7330,H
7331,R
7332,I
7333,A
7334,A
7335,H
7336,0
7337,R
7338,H
7339,Z
7340,I
7341,9
7342,E
7343,E
7344,L
7345,N
7346,q
7347,D
7348,a
7349,9
7350,A
7351,e
7352,9
7353,D
7354,9
7355,9
7356,9
7357,D
7358,r
7359,9
7360,t
7361,L
7362,r
7363,4
7364,9
7365,o
7366,9
7367,W
7368,S
7369,E
7370,A
7371,x
7372,D
7373,Z
7374,N
7375,E
7376,9
7377,Z
7378,9
7379,4
7380,F
7381,R
7382,S
7383,S
7384,p
7385,I
7386,o
7387,a
7388,D
7389,9
7390,S
7391,D
7392,Z
7393,M
7394,9
7395,A
7396,d
7397,L
7398,D
7399,D
7400,9
7401,9
7402,A
7403,N
7404,D
7405,2
7406,B
7407,E
7408,L
7409,e
7410,B
7411,N
7412,D
7413,r
7414,3
7415,M
7416,t
7417,9
7418,A
7419,9
7420,t
7421,D
7422,c
7423,D
7424,7
7425,K
7426,H
7427,A
7428,A
7429,M
7430,9
7431,I
7432,t
7433,A
7434,D
7435,Z
7436,R
7437,9
7438,0
7439,S
7440,g
7441,a
7442,A
7443,D
7444,E
7445,S
7446,9
7447,x
7448,D
7449,D
7450,B
7451,L
7452,D
7453,A
7454,s
7455,9
7456,9
7457,D
7458,A
7459,9
7460,D
7461,H
7462,E
7463,t
7464,D
7465,Z
7466,m
7467,D
7468,n
7469,9
7470,G
7471,s
7472,N
7473,1
7474,P
7475,A
7476,9
7477,R
7478,5
7479,D
7480,N
7481,C
7482,a
7483,E
7484,L
7485,A
7486,t
7487,L
7488,S
7489,9
7490,9
7491,9
7492,N
7493,k
7494,D
7495,I
7496,G
7497,C
7498,e
7499,9
7500,e
7501,O
7502,P
7503,N
7504,U
7505,9
7506,9
7507,2
7508,O
7509,D
7510,l
7511,G
7512,R
7513,S
7514,m
7515,S
7516,X
7517,D
7518,9
7519,9
7520,E
7521,D
7522,E
7523,A
7524,D
7525,W
7526,D
7527,A
7528,F
7529,T
7530,D
7531,9
7532,0
7533,A
7534,e
7535,A
7536,3
7537,Y
7538,t
7539,R
7540,D
7541,u
7542,9
7543,9
7544,W
7545,D
7546,A
7547,9
7548,D
7549,e
7550,A
7551,A
7552,L
7553,a
7554,D
7555,N
7556,v
7557,N
7558,D
7559,S
7560,A
7561,9
7562,D
7563,I
7564,T
7565,R
7566,P
7567,D
7568,9
7569,D
7570,D
7571,G
7572,9
7573,a
7574,N
7575,e
7576,R
7577,I
7578,o
7579,a
7580,A
7581,9
7582,O
7583,i
7584,u
7585,n
7586,9
7587,A
7588,P
7589,w
7590,s
7591,P
7592,5
7593,T
7594,M
7595,C
7596,D
7597,9
7598,l
7599,s
7600,9
7601,A
7602,D
7603,9
7604,A
7605,N
7606,S
7607,m
7608,S
7609,R
7610,4
7611,V
7612,E
7613,D
7614,I
7615,9
7616,A
7617,F
7618,i
7619,D
7620,Y
7621,M
7622,9
7623,e
7624,A
7625,a
7626,M
7627,0
7628,A
7629,e
7630,n
7631,D
7632,t
7633,A
7634,K
7635,e
7636,x
7637,9
7638,D
7639,9
7640,C
7641,E
7642,i
7643,D
7644,8
7645,Q
7646,t
7647,P
7648,A
7649,0
7650,J
7651,R
7652,I
7653,A
7654,D
7655,6
7656,l
7657,E
7658,A
7659,r
7660,d
7661,D
7662,R
7663,g
7664,V
7665,L
7666,O
7667,D
7668,9
7669,f
7670,K
7671,6
7672,G
7673,I
7674,J
7675,I
7676,9
7677,D
7678,D
7679,s
7680,E
7681,A
7682,a
7683,s
7684,2
7685,D
7686,s
7687,B
7688,E
7689,O
7690,9
7691,j
7692,M
7693,c
7694,9
7695,r
7696,H
7697,9
7698,P
7699,A
7700,9
7701,9
7702,N
7703,P
7704,F
7705,R
7706,D
7707,R
7708,T
7709,9
7710,O
7711,i
7712,P
7713,e
7714,A
7715,G
7716,Z
7717,9
7718,A
7719,T
7720,T
7721,S
7722,S
7723,P
7724,c
7725,S
7726,t
7727,E
7728,N
7729,S
7730,A
7731,A
7732,N
7733,E
7734,n
7735,N
7736,n
7737,5
7738,R
7739,D
7740,o
7741,n
7742,A
7743,A
7744,f
7745,D
7746,R
7747,c
7748,A
7749,N
7750,T
7751,c
7752,C
7753,D
7754,E
7755,w
7756,R
7757,n
7758,e
7759,A
7760,9
7761,9
7762,S
7763,a
7764,9
7765,I
7766,m
7767,A
7768,9
7769,A
7770,N
7771,l
7772,R
7773,S
7774,R
7775,S
7776,A
7777,b
7778,E
7779,o
7780,D
7781,A
7782,r
7783,n
7784,D
7785,3
7786,9
7787,D
7788,S
7789,D
7790,9
7791,9
7792,A
7793,t
7794,N
7795,A
7796,E
7797,N
7798,e
7799,D
7800,5
7801,D
7802,l
7803,H
7804,A
7805,A
7806,M
7807,V
7808,o
7809,U
7810,K
7811,D
7812,9
7813,C
7814,9
7815,D
7816,f
7817,A
7818,D
7819,u
7820,D
7821,F
7822,e
7823,r
7824,J
7825,A
7826,A
7827,r
7828,6
7829,9
7830,9
7831,P
7832,9
7833,5
7834,D
7835,9
7836,A
7837,R
7838,9
7839,S
7840,Y
7841,e
7842,9
7843,9
7844,K
7845,9
7846,F
7847,E
7848,S
7849,w
7850,x
7851,9
7852,A
7853,M
7854,F
7855,i
7856,1
7857,D
7858,D
7859,P
7860,L
7861,a
7862,D
7863,2
7864,p
7865,D
7866,N
7867,K
7868,q
7869,G
7870,9
7871,E
7872,G
7873,D
7874,A
7875,H
7876,E
7877,B
7878,9
7879,N
7880,F
7881,x
7882,T
7883,C
7884,a
7885,G
7886,N
7887,i
7888,A
7889,A
7890,A
7891,9
7892,E
7893,A
7894,s
7895,N
7896,l
7897,4
7898,D
7899,E
7900,e
7901,e
7902,F
7903,S
7904,N
7905,T
7906,0
7907,9
7908,q
7909,9
7910,A
7911,K
7912,9
7913,D
7914,9
7915,C
7916,R
7917,K
7918,R
7919,L
7920,v
7921,9
7922,9
7923,H
7924,e
7925,S
7926,P
7927,9
7928,9
7929,m
7930,i
7931,d
7932,M
7933,H
7934,D
7935,9
7936,B
7937,D
7938,N
7939,4
7940,T
7941,r
7942,H
7943,D
7944,t
7945,E
7946,D
7947,E
7948,R
7949,9
7950,Z
7951,A
7952,A
7953,A
7954,I
7955,B
7956,1
7957,I
7958,1
7959,F
7960,9
7961,E
7962,r
7963,W
7964,C
7965,o
7966,I
7967,B
7968,S
7969,D
7970,S
7971,N
7972,9
7973,P
7974,i
7975,P
7976,A
7977,S
7978,G
7979,T
7980,E
7981,D
7982,9
7983,I
7984,7
7985,L
7986,k
7987,D
7988,e
7989,D
7990,T
7991,S
7992,D
7993,S
7994,c
7995,n
7996,o
7997,R
7998,D
7999,0
8000,N
8001,D
8002,S
8003,e
8004,9
8005,T
8006,y
8007,D
8008,T
8009,A
8010,C
8011,A
8012,b
8013,R
8014,l
8015,E
8016,9
8017,D
8018,t
8019,D
8020,T
8021,A
8022,E
8023,D
8024,H
8025,d
8026,D
8027,e
8028,D
8029,A
8030,n
8031,N
8032,D
8033,e
8034,9
8035,S
8036,M
8037,E
8038,T
8039,4
8040,D
8041,D
8042,D
8043,D
8044,A
8045,W
8046,N
8047,D
8048,9
8049,n
8050,D
8051,A
8052,9
8053,9
8054,H
8055,S
8056,A
8057,I
8058,J
8059,N
8060,A
8061,s
8062,R
8063,S
8064,R
8065,E
8066,D
8067,e
8068,A
8069,N
8070,N
8071,D
8072,I
8073,i
8074,9
8075,D
8076,o
8077,T
8078,R
8079,M
8080,9
8081,E
8082,s
8083,D
8084,N
8085,9
8086,p
8087,7
8088,D
8089,C
8090,R
8091,9
8092,D
8093,9
8094,f
8095,o
8096,r
8097,9
8098,9
8099,A
8100,S
8101,i
8102,I
8103,H
8104,9
8105,A
8106,E
8107,9
8108,L
8109,T
8110,D
8111,C
8112,i
8113,D
8114,A
8115,p
8116,L
8117,A
8118,N
8119,L
8120,A
8121,D
8122,G
8123,n
8124,I
8125,n
8126,D
8127,E
8128,1
8129,7
8130,L
8131,0
8132,T
8133,N
8134,H
8135,R
8136,C
8137,K
8138,t
8139,9
8140,D
8141,9
8142,D
8143,o
8144,T
8145,n
8146,W
8147,Y
8148,o
8149,L
8150,9
8151,R
8152,q
8153,w
8154,T
8155,D
8156,9
8157,9
8158,Z
8159,o
8160,J
8161,H
8162,s
8163,M
8164,s
8165,2
8166,R
8167,b
8168,A
8169,G
8170,D
8171,E
8172,i
8173,g
8174,D
8175,R
8176,9
8177,R
8178,9
8179,e
8180,l
8181,I
8182,D
8183,D
8184,E
8185,6
8186,R
8187,L
8188,A
8189,H
8190,D
8191,s
8192,i
8193,S
8194,8
8195,M
8196,E
8197,A
8198,9
8199,2
8200,A
8201,e
8202,D
8203,9
8204,i
8205,9
8206,N
8207,D
8208,e
8209,D
8210,E
8211,S
8212,9
8213,A
8214,D
8215,E
8216,N
8217,C
8218,S
8219,A
8220,K
8221,1
8222,R
8223,D
8224,9
8225,K
8226,N
8227,A
8228,E
8229,R
8230,s
8231,9
8232,T
8233,m
8234,e
8235,A
8236,i
8237,D
8238,D
8239,r
8240,a
8241,D
8242,A
8243,D
8244,a
8245,G
8246,I
8247,L
8248,V
8249,1
8250,A
8251,C
8252,A
8253,D
8254,o
8255,9
8256,S
8257,F
8258,9
8259,M
8260,0
8261,N
8262,o
8263,T
8264,D
8265,9
8266,9
8267,9
8268,N
8269,D
8270,4
8271,E
8272,P
8273,D
8274,D
8275,E
8276,R
8277,R
8278,A
8279,e
8280,9
8281,0
8282,R
8283,9
8284,A
8285,L
8286,S
8287,D
8288,k
8289,D
8290,E
8291,i
8292,9
8293,x
8294,D
8295,1
8296,t
8297,N
8298,9
8299,c
8300,H
8301,a
8302,1
8303,A
8304,N
8305,0
8306,M
8307,D
8308,A
8309,N
8310,C
8311,A
8312,G
8313,r
8314,7
8315,A
8316,B
8317,L
8318,e
8319,p
8320,D
8321,i
8322,r
8323,F
8324,E
8325,N
8326,0
8327,A
8328,L
8329,z
8330,5
8331,A
8332,t
8333,M
8334,a
8335,9
8336,D
8337,A
8338,o
8339,C
8340,d
8341,D
8342,K
8343,A
8344,D
8345,N
8346,A
8347,B
8348,D
8349,e
8350,l
8351,k
8352,0
8353,D
8354,9
8355,Y
8356,i
8357,9
8358,D
8359,I
8360,r
8361,7
8362,D
8363,E
8364,o
8365,D
8366,9
8367,G
8368,9
8369,S
8370,E
8371,9
8372,i
8373,D
8374,N
8375,9
8376,L
8377,9
8378,m
8379,N
8380,N
8381,n
8382,F
8383,K
8384,S
8385,a
8386,5
8387,D
8388,B
8389,9
8390,R
8391,u
8392,J
8393,m
8394,N
8395,S
8396,P
8397,S
8398,9
8399,I
8400,A
8401,A
8402,m
8403,1
8404,B
8405,5
8406,N
8407,S
8408,a
8409,E
8410,N
8411,E
8412,S
8413,A
8414,T
8415,D
8416,D
8417,6
8418,l
8419,O
8420,9
8421,N
8422,M
8423,N
8424,N
8425,D
8426,A
8427,x
8428,E
8429,D
8430,o
8431,9
8432,A
8433,H
8434,f
8435,D
8436,A
8437,A
8438,O
8439,A
8440,D
8441,A
8442,n
8443,A
8444,S
8445,t
8446,Z
8447,c
8448,f
8449,A
8450,D
8451,D
8452,D
8453,A
8454,D
8455,Z
8456,a
8457,D
8458,D
8459,M
8460,E
8461,E
8462,r
8463,E
8464,9
8465,t
8466,D
8467,n
8468,L
8469,F
8470,k
8471,T
8472,C
8473,z
8474,R
8475,p
8476,x
8477,E
8478,r
8479,o
8480,B
8481,D
8482,9
8483,D
8484,c
8485,m
8486,E
8487,t
8488,8
8489,e
8490,A
8491,E
8492,D
8493,R
8494,E
8495,L
8496,S
8497,n
8498,k
8499,M
8500,E
8501,9
8502,D
8503,E
8504,m
8505,E
8506,T
8507,6
8508,M
8509,l
8510,N
8511,9
8512,A
8513,6
8514,E
8515,D
8516,D
8517,D
8518,g
8519,D
8520,w
8521,H
8522,Y
8523,R
8524,L
8525,K
8526,9
8527,p
8528,D
8529,I
8530,Z
8531,9
8532,H
8533,E
8534,F
8535,0
8536,9
8537,9
8538,D
8539,Z
8540,E
8541,9
8542,D
8543,I
8544,9
8545,E
8546,Y
8547,L
8548,T
8549,L
8550,6
8551,5
8552,D
8553,D
8554,9
8555,F
8556,9
8557,D
8558,9
8559,9
8560,I
8561,9
8562,D
8563,S
8564,A
8565,A
8566,I
8567,9
8568,9
8569,1
8570,i
8571,b
8572,S
8573,S
8574,D
8575,A
8576,D
8577,D
8578,k
8579,n
8580,A
8581,A
8582,e
8583,D
8584,H
8585,9
8586,9
8587,A
8588,l
8589,0
8590,9
8591,u
8592,8
8593,l
8594,E
8595,r
8596,M
8597,A
8598,R
8599,i
8600,N
8601,A
8602,e
8603,J
8604,T
8605,E
8606,A
8607,D
8608,9
8609,D
8610,A
8611,9
8612,9
8613,A
8614,S
8615,R
8616,h
8617,R
8618,K
8619,A
8620,D
8621,R
8622,e
8623,A
8624,D
8625,E
8626,h
8627,E
8628,9
8629,M
8630,S
8631,h
8632,D
8633,S
8634,N
8635,A
8636,I
8637,C
8638,T
8639,9
8640,9
8641,D
8642,a
8643,9
8644,M
8645,o
8646,O
8647,e
8648,D
8649,o
8650,A
8651,d
8652,k
8653,e
8654,B
8655,S
8656,N
8657,A
8658,A
8659,W
8660,9
8661,D
8662,r
8663,A
8664,D
8665,A
8666,N
8667,E
8668,D
8669,D
8670,S
8671,m
8672,R
8673,T
8674,o
8675,x
8676,D
8677,9
8678,D
8679,A
8680,T
8681,A
8682,A
8683,E
8684,o
8685,C
8686,9
8687,9
8688,A
8689,S
8690,A
8691,S
8692,N
8693,2
8694,D
8695,N
8696,9
8697,D
8698,D
8699,9
8700,D
8701,E
8702,9
8703,9
8704,Y
8705,7
8706,9
8707,D
8708,D
8709,9
8710,9
8711,y
8712,F
8713,9
8714,P
8715,D
8716,S
8717,K
8718,N
8719,R
8720,A
8721,R
8722,4
8723,w
8724,i
8725,q
8726,k
8727,4
8728,M
8729,S
8730,D
8731,D
8732,g
8733,D
8734,R
8735,P
8736,E
8737,A
8738,A
8739,L
8740,N
8741,l
8742,r
8743,r
8744,7
8745,9
8746,A
8747,D
8748,D
8749,D
8750,E
8751,2
8752,9
8753,e
8754,a
8755,D
8756,T
8757,F
8758,E
8759,9
8760,i
8761,D
8762,A
8763,N
8764,9
8765,D
8766,4
8767,A
8768,L
8769,E
8770,e
8771,e
8772,H
8773,S
8774,e
8775,D
8776,a
8777,A
8778,R
8779,o
8780,D
8781,o
8782,O
8783,T
8784,t
8785,A
8786,L
8787,D
8788,9
8789,6
8790,Y
8791,D
8792,D
8793,M
8794,a
8795,m
8796,O
8797,D
8798,N
8799,E
8800,b
8801,9
8802,D
8803,A
8804,a
8805,g
8806,S
8807,l
8808,D
8809,V
8810,E
8811,R
8812,D
8813,o
8814,D
8815,3
8816,D
8817,m
8818,9
8819,D
8820,L
8821,9
8822,A
8823,E
8824,T
8825,A
8826,C
8827,e
8828,n
8829,E
8830,n
8831,D
8832,D
8833,1
8834,G
8835,N
8836,A
8837,P
8838,A
8839,D
8840,e
8841,y
8842,9
8843,A
8844,N
8845,P
8846,y
8847,A
8848,l
8849,A
8850,9
8851,9
8852,D
8853,R
8854,D
8855,m
8856,A
8857,9
8858,B
8859,R
8860,c
8861,D
8862,U
8863,E
8864,p
8865,D
8866,N
8867,D
8868,L
8869,9
8870,1
8871,V
8872,A
8873,A
8874,D
8875,E
8876,F
8877,A
8878,n
8879,i
8880,9
8881,E
8882,G
8883,T
8884,A
8885,D
8886,Y
8887,S
8888,9
8889,N
8890,9
8891,R
8892,O
8893,t
8894,n
8895,q
8896,a
8897,D
8898,A
8899,A
8900,e
8901,e
8902,D
8903,R
8904,D
8905,o
8906,A
8907,o
8908,o
8909,D
8910,1
8911,D
8912,Z
8913,E
8914,B
8915,R
8916,E
8917,a
8918,Y
8919,D
8920,O
8921,c
8922,N
8923,9
8924,i
8925,s
8926,D
8927,9
8928,L
8929,9
8930,R
8931,M
8932,9
8933,L
8934,r
8935,P
8936,D
8937,e
8938,0
8939,M
8940,9
8941,B
8942,S
8943,a
8944,N
8945,9
8946,K
8947,L
8948,D
8949,H
8950,r
8951,Y
8952,c
8953,r
8954,e
8955,l
8956,E
8957,9
8958,9
8959,D
8960,P
8961,s
8962,M
8963,9
8964,7
8965,e
8966,T
8967,s
8968,r
8969,9
8970,e
8971,0
8972,d
8973,A
8974,9
8975,9
8976,e
8977,G
8978,Y
8979,n
8980,9
8981,3
8982,w
8983,v
8984,S
8985,o
8986,5
8987,9
8988,N
8989,n
8990,D
8991,A
8992,Z
8993,i
8994,T
8995,n
8996,n
8997,O
8998,A
8999,A
9000,R
9001,N
9002,A
9003,D
9004,9
9005,A
9006,K
9007,o
9008,I
9009,D
9010,A
9011,D
9012,P
9013,A
9014,n
9015,t
9016,R
9017,D
9018,9
9019,p
9020,T
9021,T
9022,R
9023,A
9024,H
9025,x
9026,D
9027,D
9028,N
9029,l
9030,D
9031,A
9032,9
9033,I
9034,H
9035,e
9036,D
9037,R
9038,8
9039,N
9040,N
9041,m
9042,E
9043,L
9044,A
9045,D
9046,I
9047,9
9048,T
9049,S
9050,9
9051,4
9052,q
9053,A
9054,M
9055,A
9056,n
9057,8
9058,e
9059,S
9060,s
9061,9
9062,D
9063,l
9064,D
9065,A
9066,A
9067,T
9068,t
9069,D
9070,E
9071,D
9072,K
9073,c
9074,9
9075,9
9076,a
9077,v
9078,e
9079,A
9080,K
9081,D
9082,D
9083,F
9084,D
9085,B
9086,N
9087,n
9088,T
9089,a
9090,D
9091,a
9092,D
9093,m
9094,E
9095,E
9096,O
9097,A
9098,9
9099,B
9100,9
9101,E
9102,A
9103,q
9104,E
9105,K
9106,K
9107,s
9108,P
9109,o
9110,A
9111,l
9112,M
9113,h
9114,E
9115,s
9116,N
9117,E
9118,V
9119,9
9120,S
9121,D
9122,T
9123,H
9124,R
9125,D
9126,2
9127,S
9128,a
9129,D
9130,D
9131,a
9132,9
9133,A
9134,e
9135,m
9136,L
9137,9
9138,E
9139,D
9140,E
9141,D
9142,E
9143,A
9144,9
9145,a
9146,A
9147,Y
9148,9
9149,A
9150,T
9151,A
9152,n
9153,c
9154,9
9155,A
9156,T
9157,U
9158,f
9159,e
9160,7
9161,R
9162,S
9163,q
9164,A
9165,9
9166,E
9167,e
9168,Z
9169,D
9170,t
9171,D
9172,T
9173,M
9174,A
9175,e
9176,A
9177,D
9178,A
9179,r
9180,C
9181,9
9182,M
9183,n
9184,m
9185,a
9186,X
9187,A
9188,N
9189,2
9190,9
9191,I
9192,N
9193,9
9194,H
9195,D
9196,C
9197,A
9198,N
9199,R
9200,o
9201,B
9202,A
9203,N
9204,9
9205,s
9206,T
9207,D
9208,I
9209,O
9210,4
9211,N
9212,9
9213,A
9214,P
9215,s
9216,A
9217,D
9218,Z
9219,A
9220,k
9221,E
9222,E
9223,h
9224,E
9225,4
9226,r
9227,C
9228,7
9229,J
9230,6
9231,r
9232,t
9233,N
9234,9
9235,9
9236,x
9237,A
9238,L
9239,k
9240,9
9241,n
9242,A
9243,D
9244,A
9245,S
9246,9
9247,A
9248,K
9249,a
9250,a
9251,9
9252,t
9253,F
9254,M
9255,O
9256,E
9257,9
9258,A
9259,H
9260,L
9261,M
9262,9
9263,D
9264,T
9265,A
9266,O
9267,i
9268,0
9269,1
9270,y
9271,9
9272,9
9273,r
9274,N
9275,n
9276,3
9277,D
9278,E
9279,h
9280,C
9281,l
9282,E
9283,U
9284,A
9285,e
9286,n
9287,A
9288,9
9289,A
9290,p
9291,9
9292,N
9293,A
9294,9
9295,E
9296,h
9297,C
9298,E
9299,1
9300,T
9301,A
9302,4
9303,A
9304,A
9305,D
9306,A
9307,u
9308,3
9309,A
9310,D
9311,9
9312,P
9313,E
9314,d
9315,D
9316,A
9317,E
9318,A
9319,E
9320,D
9321,R
9322,N
9323,2
9324,S
9325,S
9326,H
9327,s
9328,D
9329,U
9330,D
9331,e
9332,A
9333,N
9334,M
9335,Y
9336,j
9337,F
9338,I
9339,9
9340,N
9341,2
9342,A
9343,u
9344,G
9345,D
9346,A
9347,5
9348,E
9349,A
9350,T
9351,S
9352,0
9353,E
9354,4
9355,9
9356,A
9357,v
9358,A
9359,A
9360,9
9361,9
9362,o
9363,9
9364,a
9365,R
9366,D
9367,A
9368,D
9369,D
9370,a
9371,9
9372,D
9373,L
9374,9
9375,V
9376,C
9377,E
9378,S
9379,N
9380,5
9381,E
9382,s
9383,o
9384,9
9385,D
9386,2
9387,9
9388,9
9389,p
9390,m
9391,E
9392,D
9393,e
9394,D
9395,D
9396,9
9397,9
9398,E
9399,2
9400,N
9401,P
9402,e
9403,s
9404,e
9405,O
9406,D
9407,D
9408,S
9409,l
9410,E
9411,A
9412,E
9413,D
9414,A
9415,H
9416,A
9417,9
9418,D
9419,9
9420,9
9421,E
9422,9
9423,h
9424,9
9425,N
9426,G
9427,D
9428,S
9429,E
9430,7
9431,r
9432,G
9433,D
9434,R
9435,E
9436,H
9437,e
9438,D
9439,A
9440,E
9441,S
9442,9
9443,A
9444,L
9445,l
9446,Z
9447,A
9448,R
9449,6
9450,A
9451,c
9452,A
9453,m
9454,D
9455,9
9456,9
9457,9
9458,0
9459,p
9460,R
9461,i
9462,H
9463,i
9464,G
9465,m
9466,A
9467,E
9468,A
9469,e
9470,t
9471,Q
9472,A
9473,H
9474,I
9475,K
9476,D
9477,b
9478,A
9479,a
9480,9
9481,D
9482,I
9483,q
9484,t
9485,A
9486,H
9487,N
9488,A
9489,A
9490,9
9491,n
9492,E
9493,N
9494,9
9495,s
9496,S
9497,E
9498,5
9499,R
9500,A
9501,N
9502,i
9503,r
9504,D
9505,A
9506,z
9507,e
9508,H
9509,X
9510,D
9511,M
9512,a
9513,T
9514,A
9515,3
9516,N
9517,G
9518,A
9519,E
9520,D
9521,9
9522,A
9523,9
9524,A
9525,9
9526,U
9527,D
9528,H
9529,1
9530,e
9531,L
9532,A
9533,D
9534,A
9535,9
9536,H
9537,I
9538,T
9539,E
9540,t
9541,E
9542,T
9543,D
9544,9
9545,9
9546,E
9547,D
9548,h
9549,A
9550,e
9551,B
9552,2
9553,x
9554,R
9555,S
9556,E
9557,D
9558,S
9559,e
9560,9
9561,Q
9562,9
9563,n
9564,D
9565,9
9566,A
9567,T
9568,R
9569,A
9570,9
9571,e
9572,c
9573,D
9574,N
9575,I
9576,Y
9577,o
9578,S
9579,N
9580,T
9581,P
9582,J
9583,D
9584,n
9585,A
9586,L
9587,D
9588,n
9589,O
9590,t
9591,A
9592,N
9593,A
9594,D
9595,e
9596,9
9597,9
9598,9
9599,N
9600,9
9601,9
9602,E
9603,e
9604,u
9605,2
9606,1
9607,A
9608,C
9609,e
9610,n
9611,T
9612,4
9613,A
9614,D
9615,A
9616,9
9617,A
9618,B
9619,D
9620,o
9621,A
9622,O
9623,D
9624,D
9625,D
9626,E
9627,A
9628,c
9629,A
9630,N
9631,A
9632,c
9633,e
9634,p
9635,A
9636,R
9637,A
9638,D
9639,9
9640,s
9641,r
9642,I
9643,a
9644,o
9645,D
9646,D
9647,E
9648,K
9649,o
9650,o
9651,T
9652,e
9653,9
9654,P
9655,D
9656,A
9657,E
9658,A
9659,R
9660,C
9661,T
9662,g
9663,4
9664,A
9665,9
9666,i
9667,D
9668,x
9669,l
9670,A
9671,a
9672,9
9673,A
9674,q
9675,t
9676,E
9677,X
9678,b
9679,9
9680,N
9681,B
9682,R
9683,P
9684,D
9685,A
9686,E
9687,S
9688,9
9689,D
9690,y
9691,4
9692,e
9693,G
9694,D
9695,9
9696,M
9697,8
9698,N
9699,9
9700,l
9701,0
9702,A
9703,r
9704,o
9705,l
9706,9
9707,D
9708,D
9709,R
9710,C
9711,Z
9712,O
9713,D
9714,E
9715,E
9716,e
9717,1
9718,F
9719,9
9720,9
9721,9
9722,9
9723,D
9724,9
9725,T
9726,D
9727,x
9728,A
9729,e
9730,C
9731,m
9732,9
9733,E
9734,a
9735,A
9736,A
9737,a
9738,E
9739,F
9740,h
9741,9
9742,R
9743,9
9744,n
9745,N
9746,4
9747,9
9748,S
9749,1
9750,A
9751,D
9752,D
9753,9
9754,N
9755,Y
9756,S
9757,I
9758,n
9759,t
9760,9
9761,l
9762,z
9763,9
9764,n
9765,T
9766,R
9767,A
9768,9
9769,I
9770,D
9771,r
9772,S
9773,t
9774,e
9775,D
9776,E
9777,E
9778,7
9779,9
9780,D
9781,D
9782,A
9783,D
9784,t
9785,I
9786,D
9787,a
9788,I
9789,1
9790,b
9791,N
9792,D
9793,A
9794,s
9795,N
9796,I
9797,r
9798,N
9799,F
9800,9
9801,D
9802,9
9803,9
9804,E
9805,H
9806,A
9807,4
9808,D
9809,A
9810,R
9811,T
9812,9
9813,L
9814,l
9815,S
9816,r
9817,A
9818,9
9819,9
9820,M
9821,n
9822,N
9823,D
9824,D
9825,x
9826,S
9827,A
9828,9
9829,A
9830,4
9831,9
9832,D
9833,a
9834,D
9835,o
9836,O
9837,t
9838,b
9839,9
9840,B
9841,A
9842,R
9843,T
9844,Z
9845,D
9846,A
9847,o
9848,R
9849,A
9850,C
9851,D
9852,H
9853,M
9854,B
9855,H
9856,D
9857,9
9858,A
9859,A
9860,D
9861,S
9862,E
9863,M
9864,d
9865,e
9866,R
9867,c
9868,S
9869,a
9870,I
9871,E
9872,9
9873,T
9874,y
9875,5
9876,Y
9877,G
9878,r
9879,A
9880,E
9881,R
9882,A
9883,9
9884,S
9885,e
9886,7
9887,D
9888,o
9889,E
9890,m
9891,D
9892,G
9893,D
9894,H
9895,O
9896,i
9897,I
9898,O
9899,D
9900,A
9901,A
9902,a
9903,N
9904,D
9905,A
9906,T
9907,i
9908,9
9909,W
9910,A
9911,9
9912,A
9913,A
9914,E
9915,R
9916,H
9917,D
9918,D
9919,t
9920,D
9921,k
9922,D
9923,C
9924,D
9925,D
9926,E
9927,x
9928,R
9929,s
9930,A
9931,T
9932,S
9933,G
9934,C
9935,p
9936,A
9937,D
9938,A
9939,D
9940,A
9941,F
9942,L
9943,F
9944,E
9945,N
9946,r
9947,A
9948,9
9949,r
9950,V
9951,G
9952,X
9953,A
9954,A
9955,A
9956,l
9957,I
9958,T
9959,e
9960,t
9961,r
9962,A
9963,s
9964,B
9965,D
9966,A
9967,I
9968,I
9969,R
9970,u
9971,9
9972,N
9973,s
9974,l
9975,K
9976,N
9977,D
9978,T
9979,w
9980,T
9981,D
9982,9
9983,R
9984,5
9985,E
9986,A
9987,A
9988,R
9989,A
9990,1
9991,s
9992,9
9993,K
9994,M
9995,9
9996,D
9997,S
9998,T
9999,c
